{
    "images": [
        {
            "height": 600,
            "width": 357,
            "id": 1,
            "file_name": "C:\\Users\\volos\\OneDrive\\\u0420\u0430\u0431\u043e\u0447\u0438\u0439 \u0441\u0442\u043e\u043b\\detectron2\\Microcontroller Segmentation\\train\\card1.jpg"
        },
        {
            "height": 958,
            "width": 1600,
            "id": 2,
            "file_name": "C:\\Users\\volos\\OneDrive\\\u0420\u0430\u0431\u043e\u0447\u0438\u0439 \u0441\u0442\u043e\u043b\\detectron2\\Microcontroller Segmentation\\train\\card10.jpg"
        },
        {
            "height": 750,
            "width": 750,
            "id": 3,
            "file_name": "C:\\Users\\volos\\OneDrive\\\u0420\u0430\u0431\u043e\u0447\u0438\u0439 \u0441\u0442\u043e\u043b\\detectron2\\Microcontroller Segmentation\\train\\card2.jpg"
        },
        {
            "height": 1080,
            "width": 1920,
            "id": 4,
            "file_name": "C:\\Users\\volos\\OneDrive\\\u0420\u0430\u0431\u043e\u0447\u0438\u0439 \u0441\u0442\u043e\u043b\\detectron2\\Microcontroller Segmentation\\train\\card3.jpg"
        },
        {
            "height": 599,
            "width": 899,
            "id": 5,
            "file_name": "C:\\Users\\volos\\OneDrive\\\u0420\u0430\u0431\u043e\u0447\u0438\u0439 \u0441\u0442\u043e\u043b\\detectron2\\Microcontroller Segmentation\\train\\card4.jpg"
        },
        {
            "height": 636,
            "width": 415,
            "id": 6,
            "file_name": "C:\\Users\\volos\\OneDrive\\\u0420\u0430\u0431\u043e\u0447\u0438\u0439 \u0441\u0442\u043e\u043b\\detectron2\\Microcontroller Segmentation\\train\\card5.jpg"
        },
        {
            "height": 640,
            "width": 444,
            "id": 7,
            "file_name": "C:\\Users\\volos\\OneDrive\\\u0420\u0430\u0431\u043e\u0447\u0438\u0439 \u0441\u0442\u043e\u043b\\detectron2\\Microcontroller Segmentation\\train\\card6.jpg"
        },
        {
            "height": 1140,
            "width": 800,
            "id": 8,
            "file_name": "C:\\Users\\volos\\OneDrive\\\u0420\u0430\u0431\u043e\u0447\u0438\u0439 \u0441\u0442\u043e\u043b\\detectron2\\Microcontroller Segmentation\\train\\card7.jpg"
        },
        {
            "height": 488,
            "width": 650,
            "id": 9,
            "file_name": "C:\\Users\\volos\\OneDrive\\\u0420\u0430\u0431\u043e\u0447\u0438\u0439 \u0441\u0442\u043e\u043b\\detectron2\\Microcontroller Segmentation\\train\\card8.jpg"
        },
        {
            "height": 1000,
            "width": 676,
            "id": 10,
            "file_name": "C:\\Users\\volos\\OneDrive\\\u0420\u0430\u0431\u043e\u0447\u0438\u0439 \u0441\u0442\u043e\u043b\\detectron2\\Microcontroller Segmentation\\train\\card9.jpg"
        }
    ],
    "categories": [
        {
            "supercategory": "Text",
            "id": 1,
            "name": "Text"
        },
        {
            "supercategory": "Title",
            "id": 2,
            "name": "Title"
        },
        {
            "supercategory": "baseball card",
            "id": 3,
            "name": "baseball card"
        },
        {
            "supercategory": "Sportsman",
            "id": 4,
            "name": "Sportsman"
        },
        {
            "supercategory": "Signature",
            "id": 5,
            "name": "Signature"
        }
    ],
    "annotations": [
        {
            "iscrowd": 0,
            "image_id": 1,
            "bbox": [
                60.0,
                217.0,
                236.0,
                284.0
            ],
            "segmentation": [
                [
                    60.27848101265823,
                    217.72151898734177,
                    294.4556962025316,
                    220.25316455696202,
                    296.9873417721519,
                    499.3670886075949,
                    65.34177215189874,
                    501.89873417721515
                ]
            ],
            "category_id": 1,
            "id": 1,
            "area": 214200
        },
        {
            "iscrowd": 0,
            "image_id": 1,
            "bbox": [
                26.0,
                25.0,
                303.0,
                91.0
            ],
            "segmentation": [
                [
                    28.0,
                    27.21518987341772,
                    329.89873417721515,
                    25.949367088607595,
                    329.89873417721515,
                    113.29113924050633,
                    26.734177215189845,
                    116.45569620253164
                ]
            ],
            "category_id": 2,
            "id": 2,
            "area": 214200
        },
        {
            "iscrowd": 0,
            "image_id": 1,
            "bbox": [
                28.0,
                28.0,
                300.0,
                89.0
            ],
            "segmentation": [
                [
                    29.898734177215147,
                    29.11392405063291,
                    328.0,
                    28.481012658227847,
                    328.0,
                    114.55696202531645,
                    28.63291139240505,
                    117.0886075949367
                ]
            ],
            "category_id": 1,
            "id": 3,
            "area": 214200
        },
        {
            "iscrowd": 0,
            "image_id": 1,
            "bbox": [
                60.0,
                217.0,
                237.0,
                284.0
            ],
            "segmentation": [
                [
                    60.27848101265823,
                    217.0886075949367,
                    291.9240506329114,
                    219.62025316455694,
                    297.62025316455697,
                    501.89873417721515,
                    63.443037974683534,
                    499.3670886075949
                ]
            ],
            "category_id": 3,
            "id": 4,
            "area": 214200
        },
        {
            "iscrowd": 0,
            "image_id": 2,
            "bbox": [
                106.0,
                70.0,
                1080.0,
                771.0
            ],
            "segmentation": [
                [
                    115.44897959183673,
                    71.51020408163265,
                    1186.8775510204082,
                    70.48979591836735,
                    1186.8775510204082,
                    835.795918367347,
                    106.26530612244898,
                    841.9183673469388
                ]
            ],
            "category_id": 3,
            "id": 5,
            "area": 1532800
        },
        {
            "iscrowd": 0,
            "image_id": 2,
            "bbox": [
                1305.0,
                39.0,
                248.0,
                826.0
            ],
            "segmentation": [
                [
                    1545.0408163265306,
                    43.95918367346939,
                    1553.204081632653,
                    861.3061224489796,
                    1311.3673469387754,
                    865.3877551020408,
                    1305.2448979591836,
                    39.87755102040816
                ]
            ],
            "category_id": 2,
            "id": 6,
            "area": 1532800
        },
        {
            "iscrowd": 0,
            "image_id": 2,
            "bbox": [
                140.0,
                661.0,
                368.0,
                121.0
            ],
            "segmentation": [
                [
                    144.0204081632653,
                    661.3061224489796,
                    506.26530612244903,
                    665.3877551020408,
                    508.30612244897964,
                    782.7346938775511,
                    140.9591836734694,
                    781.7142857142858
                ]
            ],
            "category_id": 1,
            "id": 7,
            "area": 1532800
        },
        {
            "iscrowd": 0,
            "image_id": 2,
            "bbox": [
                787.0,
                743.0,
                334.0,
                53.0
            ],
            "segmentation": [
                [
                    787.8979591836735,
                    744.9795918367347,
                    787.8979591836735,
                    796.0,
                    1121.5714285714287,
                    796.0,
                    1116.4693877551022,
                    743.9591836734694
                ]
            ],
            "category_id": 1,
            "id": 8,
            "area": 1532800
        },
        {
            "iscrowd": 0,
            "image_id": 2,
            "bbox": [
                257.0,
                99.0,
                906.0,
                566.0
            ],
            "segmentation": [
                [
                    257.2857142857143,
                    103.14285714285714,
                    263.40816326530614,
                    657.2244897959184,
                    1163.4081632653063,
                    665.3877551020408,
                    1135.857142857143,
                    99.06122448979592
                ]
            ],
            "category_id": 4,
            "id": 9,
            "area": 1532800
        },
        {
            "iscrowd": 0,
            "image_id": 2,
            "bbox": [
                1327.0,
                62.0,
                193.0,
                779.0
            ],
            "segmentation": [
                [
                    1327.6938775510205,
                    62.326530612244895,
                    1514.4285714285716,
                    62.326530612244895,
                    1520.5510204081634,
                    837.8367346938776,
                    1329.734693877551,
                    841.9183673469388
                ]
            ],
            "category_id": 1,
            "id": 10,
            "area": 1532800
        },
        {
            "iscrowd": 0,
            "image_id": 3,
            "bbox": [
                158.0,
                61.0,
                420.0,
                609.0
            ],
            "segmentation": [
                [
                    158.90476190476193,
                    61.698412698412696,
                    573.1904761904761,
                    73.60317460317461,
                    578.7460317460317,
                    670.4285714285714,
                    171.60317460317458,
                    668.047619047619
                ]
            ],
            "category_id": 3,
            "id": 11,
            "area": 562500
        },
        {
            "iscrowd": 0,
            "image_id": 3,
            "bbox": [
                366.0,
                610.0,
                200.0,
                33.0
            ],
            "segmentation": [
                [
                    366.8412698412699,
                    611.6984126984127,
                    367.6349206349206,
                    642.6507936507936,
                    566.047619047619,
                    643.4444444444445,
                    563.6666666666666,
                    610.1111111111111
                ]
            ],
            "category_id": 1,
            "id": 12,
            "area": 562500
        },
        {
            "iscrowd": 0,
            "image_id": 3,
            "bbox": [
                192.0,
                147.0,
                364.0,
                471.0
            ],
            "segmentation": [
                [
                    547.0,
                    147.4126984126984,
                    192.23809523809524,
                    147.4126984126984,
                    194.6190476190476,
                    618.8412698412699,
                    556.5238095238095,
                    600.5873015873016
                ]
            ],
            "category_id": 4,
            "id": 13,
            "area": 562500
        },
        {
            "iscrowd": 0,
            "image_id": 4,
            "bbox": [
                1354.0,
                74.0,
                310.0,
                367.0
            ],
            "segmentation": [
                [
                    1354.7560975609756,
                    79.07317073170731,
                    1359.6341463414633,
                    441.2682926829268,
                    1664.512195121951,
                    435.17073170731703,
                    1649.8780487804877,
                    74.1951219512195
                ]
            ],
            "category_id": 3,
            "id": 14,
            "area": 2073600
        },
        {
            "iscrowd": 0,
            "image_id": 4,
            "bbox": [
                1381.0,
                104.0,
                268.0,
                325.0
            ],
            "segmentation": [
                [
                    1381.5853658536585,
                    116.8780487804878,
                    1407.1951219512193,
                    429.0731707317073,
                    1649.8780487804877,
                    425.4146341463414,
                    1634.0243902439024,
                    104.68292682926827
                ]
            ],
            "category_id": 4,
            "id": 15,
            "area": 2073600
        },
        {
            "iscrowd": 0,
            "image_id": 4,
            "bbox": [
                1348.0,
                441.0,
                218.0,
                71.0
            ],
            "segmentation": [
                [
                    1348.6585365853657,
                    444.92682926829264,
                    1349.8780487804877,
                    509.56097560975604,
                    1566.951219512195,
                    512.0,
                    1559.6341463414633,
                    441.2682926829268
                ]
            ],
            "category_id": 1,
            "id": 16,
            "area": 2073600
        },
        {
            "iscrowd": 0,
            "image_id": 4,
            "bbox": [
                1062.0,
                447.0,
                159.0,
                46.0
            ],
            "segmentation": [
                [
                    1062.0731707317073,
                    452.24390243902434,
                    1065.7317073170732,
                    493.70731707317066,
                    1221.8292682926829,
                    488.82926829268285,
                    1216.951219512195,
                    447.36585365853654
                ]
            ],
            "category_id": 1,
            "id": 17,
            "area": 2073600
        },
        {
            "iscrowd": 0,
            "image_id": 4,
            "bbox": [
                1101.0,
                947.0,
                181.0,
                58.0
            ],
            "segmentation": [
                [
                    1102.3170731707316,
                    947.3658536585365,
                    1101.0975609756097,
                    1005.9024390243901,
                    1282.8048780487804,
                    1003.4634146341464,
                    1282.8048780487804,
                    947.3658536585365
                ]
            ],
            "category_id": 1,
            "id": 18,
            "area": 2073600
        },
        {
            "iscrowd": 0,
            "image_id": 4,
            "bbox": [
                1648.0,
                635.0,
                45.0,
                205.0
            ],
            "segmentation": [
                [
                    1648.6585365853657,
                    635.170731707317,
                    1655.9756097560974,
                    840.0487804878048,
                    1693.780487804878,
                    840.0487804878048,
                    1687.6829268292681,
                    644.9268292682926
                ]
            ],
            "category_id": 1,
            "id": 19,
            "area": 2073600
        },
        {
            "iscrowd": 0,
            "image_id": 4,
            "bbox": [
                1407.0,
                961.0,
                246.0,
                65.0
            ],
            "segmentation": [
                [
                    1407.1951219512193,
                    966.8780487804877,
                    1647.4390243902437,
                    961.9999999999999,
                    1653.5365853658536,
                    1026.6341463414633,
                    1410.8536585365853,
                    1022.9756097560976
                ]
            ],
            "category_id": 1,
            "id": 20,
            "area": 2073600
        },
        {
            "iscrowd": 0,
            "image_id": 4,
            "bbox": [
                719.0,
                948.0,
                189.0,
                65.0
            ],
            "segmentation": [
                [
                    719.390243902439,
                    952.2439024390243,
                    723.0487804878048,
                    1009.560975609756,
                    908.4146341463414,
                    1013.219512195122,
                    899.8780487804877,
                    948.5853658536585
                ]
            ],
            "category_id": 1,
            "id": 21,
            "area": 2073600
        },
        {
            "iscrowd": 0,
            "image_id": 4,
            "bbox": [
                287.0,
                926.0,
                244.0,
                42.0
            ],
            "segmentation": [
                [
                    287.6829268292683,
                    931.5121951219511,
                    290.1219512195122,
                    966.8780487804877,
                    531.5853658536585,
                    968.0975609756097,
                    527.9268292682926,
                    926.6341463414633
                ]
            ],
            "category_id": 1,
            "id": 22,
            "area": 2073600
        },
        {
            "iscrowd": 0,
            "image_id": 4,
            "bbox": [
                602.0,
                446.0,
                314.0,
                51.0
            ],
            "segmentation": [
                [
                    602.3170731707316,
                    446.1463414634146,
                    602.3170731707316,
                    496.1463414634146,
                    916.951219512195,
                    497.3658536585366,
                    916.951219512195,
                    449.80487804878044
                ]
            ],
            "category_id": 1,
            "id": 23,
            "area": 2073600
        },
        {
            "iscrowd": 0,
            "image_id": 4,
            "bbox": [
                599.0,
                61.0,
                324.0,
                440.0
            ],
            "segmentation": [
                [
                    603.5365853658536,
                    61.999999999999986,
                    599.8780487804878,
                    499.80487804878044,
                    923.0487804878048,
                    501.0243902439024,
                    916.951219512195,
                    65.65853658536585
                ]
            ],
            "category_id": 3,
            "id": 24,
            "area": 2073600
        },
        {
            "iscrowd": 0,
            "image_id": 4,
            "bbox": [
                985.0,
                104.0,
                295.0,
                379.0
            ],
            "segmentation": [
                [
                    985.2439024390243,
                    104.68292682926827,
                    1276.7073170731705,
                    104.68292682926827,
                    1280.3658536585365,
                    483.95121951219505,
                    988.9024390243902,
                    481.5121951219512
                ]
            ],
            "category_id": 3,
            "id": 25,
            "area": 2073600
        },
        {
            "iscrowd": 0,
            "image_id": 4,
            "bbox": [
                214.0,
                64.0,
                309.0,
                428.0
            ],
            "segmentation": [
                [
                    214.5121951219512,
                    64.4390243902439,
                    523.0487804878048,
                    69.3170731707317,
                    515.7317073170732,
                    485.17073170731703,
                    219.390243902439,
                    492.4878048780488
                ]
            ],
            "category_id": 3,
            "id": 26,
            "area": 2073600
        },
        {
            "iscrowd": 0,
            "image_id": 4,
            "bbox": [
                188.0,
                564.0,
                342.0,
                460.0
            ],
            "segmentation": [
                [
                    204.7560975609756,
                    564.4390243902438,
                    515.7317073170732,
                    569.3170731707316,
                    530.3658536585366,
                    1022.9756097560976,
                    188.90243902439022,
                    1024.1951219512193
                ]
            ],
            "category_id": 3,
            "id": 27,
            "area": 2073600
        },
        {
            "iscrowd": 0,
            "image_id": 4,
            "bbox": [
                612.0,
                577.0,
                298.0,
                427.0
            ],
            "segmentation": [
                [
                    612.0731707317073,
                    577.8536585365853,
                    908.4146341463414,
                    580.2926829268292,
                    910.8536585365853,
                    1004.6829268292681,
                    616.951219512195,
                    998.5853658536585
                ]
            ],
            "category_id": 3,
            "id": 28,
            "area": 2073600
        },
        {
            "iscrowd": 0,
            "image_id": 4,
            "bbox": [
                608.0,
                936.0,
                96.0,
                61.0
            ],
            "segmentation": [
                [
                    619.390243902439,
                    936.3902439024389,
                    704.7560975609756,
                    941.2682926829267,
                    701.0975609756097,
                    997.3658536585365,
                    608.4146341463414,
                    988.8292682926829
                ]
            ],
            "category_id": 1,
            "id": 29,
            "area": 2073600
        },
        {
            "iscrowd": 0,
            "image_id": 4,
            "bbox": [
                988.0,
                588.0,
                304.0,
                406.0
            ],
            "segmentation": [
                [
                    988.9024390243902,
                    588.8292682926829,
                    1284.0243902439024,
                    588.8292682926829,
                    1292.560975609756,
                    994.9268292682925,
                    1003.5365853658536,
                    988.8292682926829
                ]
            ],
            "category_id": 3,
            "id": 30,
            "area": 2073600
        },
        {
            "iscrowd": 0,
            "image_id": 4,
            "bbox": [
                1346.0,
                551.0,
                350.0,
                479.0
            ],
            "segmentation": [
                [
                    1346.2195121951218,
                    552.2439024390244,
                    1681.5853658536585,
                    551.0243902439024,
                    1696.2195121951218,
                    1020.5365853658536,
                    1349.8780487804877,
                    1030.2926829268292
                ]
            ],
            "category_id": 3,
            "id": 31,
            "area": 2073600
        },
        {
            "iscrowd": 0,
            "image_id": 4,
            "bbox": [
                990.0,
                146.0,
                267.0,
                334.0
            ],
            "segmentation": [
                [
                    990.1219512195121,
                    146.14634146341461,
                    1252.3170731707316,
                    160.78048780487802,
                    1257.1951219512193,
                    477.85365853658527,
                    997.4390243902438,
                    480.29268292682923
                ]
            ],
            "category_id": 4,
            "id": 32,
            "area": 2073600
        },
        {
            "iscrowd": 0,
            "image_id": 4,
            "bbox": [
                613.0,
                72.0,
                294.0,
                386.0
            ],
            "segmentation": [
                [
                    613.2926829268292,
                    75.41463414634146,
                    621.8292682926829,
                    457.12195121951214,
                    903.5365853658536,
                    458.3414634146341,
                    907.1951219512194,
                    72.97560975609755
                ]
            ],
            "category_id": 4,
            "id": 33,
            "area": 2073600
        },
        {
            "iscrowd": 0,
            "image_id": 4,
            "bbox": [
                243.0,
                132.0,
                256.0,
                337.0
            ],
            "segmentation": [
                [
                    247.43902439024387,
                    135.17073170731706,
                    243.78048780487802,
                    466.87804878048775,
                    499.87804878048775,
                    469.31707317073165,
                    490.12195121951214,
                    132.73170731707316
                ]
            ],
            "category_id": 4,
            "id": 34,
            "area": 2073600
        },
        {
            "iscrowd": 0,
            "image_id": 4,
            "bbox": [
                235.0,
                581.0,
                285.0,
                404.0
            ],
            "segmentation": [
                [
                    235.24390243902437,
                    605.9024390243902,
                    255.97560975609753,
                    981.5121951219511,
                    520.609756097561,
                    985.170731707317,
                    514.5121951219512,
                    581.5121951219512
                ]
            ],
            "category_id": 4,
            "id": 35,
            "area": 2073600
        },
        {
            "iscrowd": 0,
            "image_id": 4,
            "bbox": [
                616.0,
                582.0,
                292.0,
                378.0
            ],
            "segmentation": [
                [
                    618.170731707317,
                    596.1463414634146,
                    616.951219512195,
                    959.560975609756,
                    903.5365853658536,
                    960.780487804878,
                    908.4146341463414,
                    582.7317073170731
                ]
            ],
            "category_id": 4,
            "id": 36,
            "area": 2073600
        },
        {
            "iscrowd": 0,
            "image_id": 4,
            "bbox": [
                990.0,
                618.0,
                289.0,
                369.0
            ],
            "segmentation": [
                [
                    990.1219512195121,
                    618.0975609756097,
                    998.6585365853658,
                    987.6097560975609,
                    1279.1463414634145,
                    948.5853658536585,
                    1260.8536585365853,
                    625.4146341463414
                ]
            ],
            "category_id": 4,
            "id": 37,
            "area": 2073600
        },
        {
            "iscrowd": 0,
            "image_id": 4,
            "bbox": [
                1432.0,
                597.0,
                231.0,
                366.0
            ],
            "segmentation": [
                [
                    1432.8048780487804,
                    601.0243902439024,
                    1435.2439024390242,
                    963.2195121951219,
                    1663.2926829268292,
                    963.2195121951219,
                    1644.9999999999998,
                    597.3658536585366
                ]
            ],
            "category_id": 4,
            "id": 38,
            "area": 2073600
        },
        {
            "iscrowd": 0,
            "image_id": 4,
            "bbox": [
                1025.0,
                297.0,
                206.0,
                140.0
            ],
            "segmentation": [
                [
                    1025.4878048780488,
                    309.5609756097561,
                    1226.7073170731705,
                    297.36585365853654,
                    1231.5853658536585,
                    420.5365853658536,
                    1031.5853658536585,
                    437.60975609756093
                ]
            ],
            "category_id": 5,
            "id": 39,
            "area": 2073600
        },
        {
            "iscrowd": 0,
            "image_id": 5,
            "bbox": [
                35.0,
                38.0,
                386.0,
                518.0
            ],
            "segmentation": [
                [
                    35.70886075949366,
                    44.303797468354425,
                    421.7848101265823,
                    38.60759493670886,
                    416.08860759493666,
                    550.0,
                    64.18987341772151,
                    556.9620253164557
                ]
            ],
            "category_id": 3,
            "id": 40,
            "area": 538501
        },
        {
            "iscrowd": 0,
            "image_id": 5,
            "bbox": [
                124.0,
                465.0,
                222.0,
                58.0
            ],
            "segmentation": [
                [
                    124.94936708860757,
                    470.88607594936707,
                    346.46835443037975,
                    465.1898734177215,
                    340.77215189873414,
                    516.4556962025316,
                    130.0126582278481,
                    523.4177215189873
                ]
            ],
            "category_id": 1,
            "id": 41,
            "area": 538501
        },
        {
            "iscrowd": 0,
            "image_id": 5,
            "bbox": [
                284.0,
                88.0,
                96.0,
                84.0
            ],
            "segmentation": [
                [
                    284.44303797468353,
                    88.60759493670885,
                    375.5822784810126,
                    88.60759493670885,
                    380.6455696202531,
                    169.62025316455694,
                    285.70886075949363,
                    172.1518987341772
                ]
            ],
            "category_id": 1,
            "id": 42,
            "area": 538501
        },
        {
            "iscrowd": 0,
            "image_id": 5,
            "bbox": [
                74.0,
                75.0,
                313.0,
                447.0
            ],
            "segmentation": [
                [
                    74.94936708860759,
                    78.48101265822784,
                    378.746835443038,
                    75.94936708860759,
                    387.60759493670884,
                    522.1518987341772,
                    83.81012658227849,
                    517.7215189873417
                ]
            ],
            "category_id": 4,
            "id": 43,
            "area": 538501
        },
        {
            "iscrowd": 0,
            "image_id": 5,
            "bbox": [
                480.0,
                46.0,
                381.0,
                504.0
            ],
            "segmentation": [
                [
                    480.6455696202531,
                    60.12658227848101,
                    854.6962025316456,
                    46.20253164556962,
                    861.6582278481012,
                    533.5443037974683,
                    524.9493670886076,
                    550.632911392405
                ]
            ],
            "category_id": 3,
            "id": 44,
            "area": 538501
        },
        {
            "iscrowd": 0,
            "image_id": 5,
            "bbox": [
                481.0,
                44.0,
                381.0,
                506.0
            ],
            "segmentation": [
                [
                    481.2784810126582,
                    62.65822784810126,
                    855.9620253164557,
                    44.303797468354425,
                    862.9240506329113,
                    534.1772151898734,
                    522.4177215189873,
                    550.632911392405
                ]
            ],
            "category_id": 1,
            "id": 45,
            "area": 538501
        },
        {
            "iscrowd": 0,
            "image_id": 6,
            "bbox": [
                49.0,
                151.0,
                309.0,
                434.0
            ],
            "segmentation": [
                [
                    49.483221476510096,
                    154.36241610738256,
                    355.5234899328859,
                    151.00671140939596,
                    358.20805369127515,
                    579.8657718120805,
                    54.18120805369125,
                    585.9060402684564
                ]
            ],
            "category_id": 3,
            "id": 46,
            "area": 263940
        },
        {
            "iscrowd": 0,
            "image_id": 6,
            "bbox": [
                108.0,
                186.0,
                206.0,
                342.0
            ],
            "segmentation": [
                [
                    114.58389261744969,
                    187.91946308724832,
                    305.8590604026846,
                    186.5771812080537,
                    314.5838926174497,
                    528.1879194630873,
                    108.54362416107381,
                    520.8053691275168
                ]
            ],
            "category_id": 4,
            "id": 47,
            "area": 263940
        },
        {
            "iscrowd": 0,
            "image_id": 6,
            "bbox": [
                87.0,
                502.0,
                254.0,
                69.0
            ],
            "segmentation": [
                [
                    87.73825503355704,
                    510.73825503355704,
                    341.42953020134223,
                    502.6845637583893,
                    340.0872483221476,
                    571.8120805369127,
                    89.75167785234902,
                    567.1140939597316
                ]
            ],
            "category_id": 1,
            "id": 48,
            "area": 263940
        },
        {
            "iscrowd": 0,
            "image_id": 6,
            "bbox": [
                121.0,
                314.0,
                140.0,
                167.0
            ],
            "segmentation": [
                [
                    123.30872483221475,
                    351.67785234899327,
                    260.8926174496644,
                    314.09395973154363,
                    261.5637583892617,
                    461.0738255033557,
                    121.96644295302013,
                    481.20805369127515
                ]
            ],
            "category_id": 5,
            "id": 49,
            "area": 263940
        },
        {
            "iscrowd": 0,
            "image_id": 6,
            "bbox": [
                25.0,
                28.0,
                358.0,
                85.0
            ],
            "segmentation": [
                [
                    25.32214765100673,
                    28.187919463087248,
                    381.69798657718127,
                    30.201342281879196,
                    383.7114093959732,
                    113.42281879194631,
                    27.335570469798654,
                    110.73825503355705
                ]
            ],
            "category_id": 2,
            "id": 50,
            "area": 263940
        },
        {
            "iscrowd": 0,
            "image_id": 6,
            "bbox": [
                27.0,
                28.0,
                355.0,
                82.0
            ],
            "segmentation": [
                [
                    27.335570469798654,
                    28.187919463087248,
                    381.02684563758385,
                    30.201342281879196,
                    382.3691275167786,
                    110.06711409395973,
                    28.67785234899327,
                    110.06711409395973
                ]
            ],
            "category_id": 1,
            "id": 51,
            "area": 263940
        },
        {
            "iscrowd": 0,
            "image_id": 7,
            "bbox": [
                177.0,
                8.0,
                202.0,
                37.0
            ],
            "segmentation": [
                [
                    177.18918918918922,
                    8.783783783783784,
                    379.8918918918919,
                    9.45945945945946,
                    377.8648648648649,
                    43.24324324324324,
                    179.89189189189187,
                    45.945945945945944
                ]
            ],
            "category_id": 1,
            "id": 52,
            "area": 284160
        },
        {
            "iscrowd": 0,
            "image_id": 7,
            "bbox": [
                16.0,
                29.0,
                123.0,
                54.0
            ],
            "segmentation": [
                [
                    16.378378378378386,
                    35.810810810810814,
                    139.35135135135135,
                    29.054054054054056,
                    137.32432432432432,
                    68.91891891891892,
                    25.16216216216219,
                    83.78378378378379
                ]
            ],
            "category_id": 1,
            "id": 53,
            "area": 284160
        },
        {
            "iscrowd": 0,
            "image_id": 7,
            "bbox": [
                46.0,
                383.0,
                331.0,
                151.0
            ],
            "segmentation": [
                [
                    46.10810810810813,
                    383.7837837837838,
                    377.18918918918916,
                    384.4594594594595,
                    365.7027027027027,
                    501.35135135135135,
                    49.48648648648651,
                    534.4594594594595
                ]
            ],
            "category_id": 5,
            "id": 54,
            "area": 284160
        },
        {
            "iscrowd": 0,
            "image_id": 7,
            "bbox": [
                185.0,
                499.0,
                232.0,
                96.0
            ],
            "segmentation": [
                [
                    185.97297297297297,
                    543.918918918919,
                    398.81081081081084,
                    499.3243243243243,
                    417.05405405405406,
                    549.3243243243244,
                    198.81081081081084,
                    595.9459459459459
                ]
            ],
            "category_id": 1,
            "id": 55,
            "area": 284160
        },
        {
            "iscrowd": 0,
            "image_id": 7,
            "bbox": [
                25.0,
                55.0,
                396.0,
                558.0
            ],
            "segmentation": [
                [
                    25.16216216216219,
                    55.4054054054054,
                    416.37837837837844,
                    57.432432432432435,
                    421.78378378378375,
                    612.8378378378378,
                    30.56756756756755,
                    613.5135135135135
                ]
            ],
            "category_id": 3,
            "id": 56,
            "area": 284160
        },
        {
            "iscrowd": 0,
            "image_id": 7,
            "bbox": [
                73.0,
                98.0,
                346.0,
                513.0
            ],
            "segmentation": [
                [
                    112.32432432432432,
                    98.64864864864865,
                    406.2432432432432,
                    100.67567567567568,
                    419.7567567567568,
                    611.4864864864865,
                    73.81081081081084,
                    610.1351351351351
                ]
            ],
            "category_id": 4,
            "id": 57,
            "area": 284160
        },
        {
            "iscrowd": 0,
            "image_id": 8,
            "bbox": [
                13.0,
                19.0,
                771.0,
                1102.0
            ],
            "segmentation": [
                [
                    13.265060240963862,
                    24.301204819277107,
                    784.3493975903614,
                    19.481927710843372,
                    783.1445783132529,
                    1120.6867469879517,
                    21.69879518072287,
                    1121.8915662650602
                ]
            ],
            "category_id": 3,
            "id": 58,
            "area": 912000
        },
        {
            "iscrowd": 0,
            "image_id": 8,
            "bbox": [
                50.0,
                80.0,
                688.0,
                997.0
            ],
            "segmentation": [
                [
                    67.48192771084337,
                    85.74698795180723,
                    728.9277108433735,
                    80.92771084337349,
                    738.5662650602408,
                    1071.289156626506,
                    50.61445783132524,
                    1077.313253012048
                ]
            ],
            "category_id": 4,
            "id": 59,
            "area": 912000
        },
        {
            "iscrowd": 0,
            "image_id": 8,
            "bbox": [
                86.0,
                764.0,
                164.0,
                148.0
            ],
            "segmentation": [
                [
                    86.7590361445782,
                    764.0602409638553,
                    246.9999999999999,
                    767.6746987951807,
                    250.61445783132524,
                    905.0240963855421,
                    92.78313253012038,
                    912.2530120481927
                ]
            ],
            "category_id": 1,
            "id": 60,
            "area": 912000
        },
        {
            "iscrowd": 0,
            "image_id": 8,
            "bbox": [
                265.0,
                888.0,
                401.0,
                57.0
            ],
            "segmentation": [
                [
                    268.6867469879518,
                    888.156626506024,
                    666.2771084337348,
                    896.5903614457831,
                    663.867469879518,
                    945.9879518072288,
                    265.0722891566264,
                    935.144578313253
                ]
            ],
            "category_id": 1,
            "id": 61,
            "area": 912000
        },
        {
            "iscrowd": 0,
            "image_id": 8,
            "bbox": [
                137.0,
                930.0,
                549.0,
                111.0
            ],
            "segmentation": [
                [
                    156.63855421686742,
                    930.3253012048192,
                    681.9397590361446,
                    947.1927710843373,
                    686.7590361445782,
                    1041.168674698795,
                    137.36144578313247,
                    1039.9638554216867
                ]
            ],
            "category_id": 5,
            "id": 62,
            "area": 912000
        },
        {
            "iscrowd": 0,
            "image_id": 9,
            "bbox": [
                194.0,
                16.0,
                275.0,
                63.0
            ],
            "segmentation": [
                [
                    194.28865979381442,
                    19.072164948453608,
                    464.3917525773196,
                    16.494845360824744,
                    469.03092783505156,
                    77.83505154639175,
                    194.28865979381442,
                    79.89690721649485
                ]
            ],
            "category_id": 2,
            "id": 63,
            "area": 317200
        },
        {
            "iscrowd": 0,
            "image_id": 9,
            "bbox": [
                195.0,
                17.0,
                274.0,
                62.0
            ],
            "segmentation": [
                [
                    195.31958762886597,
                    17.52577319587629,
                    468.51546391752584,
                    18.556701030927837,
                    469.03092783505156,
                    78.8659793814433,
                    197.89690721649487,
                    79.89690721649485
                ]
            ],
            "category_id": 1,
            "id": 64,
            "area": 317200
        },
        {
            "iscrowd": 0,
            "image_id": 9,
            "bbox": [
                209.0,
                118.0,
                240.0,
                334.0
            ],
            "segmentation": [
                [
                    210.26804123711344,
                    119.58762886597938,
                    445.8350515463918,
                    118.04123711340206,
                    449.9587628865979,
                    451.54639175257734,
                    209.23711340206188,
                    452.5773195876289
                ]
            ],
            "category_id": 3,
            "id": 65,
            "area": 317200
        },
        {
            "iscrowd": 0,
            "image_id": 9,
            "bbox": [
                270.0,
                148.0,
                117.0,
                189.0
            ],
            "segmentation": [
                [
                    271.60824742268045,
                    152.57731958762886,
                    371.09278350515467,
                    148.4536082474227,
                    387.5876288659794,
                    337.11340206185565,
                    270.5773195876289,
                    336.08247422680415
                ]
            ],
            "category_id": 4,
            "id": 66,
            "area": 317200
        },
        {
            "iscrowd": 0,
            "image_id": 9,
            "bbox": [
                264.0,
                347.0,
                143.0,
                53.0
            ],
            "segmentation": [
                [
                    271.09278350515467,
                    347.93814432989694,
                    407.69072164948454,
                    347.42268041237116,
                    406.659793814433,
                    400.0,
                    264.9072164948454,
                    400.5154639175258
                ]
            ],
            "category_id": 5,
            "id": 67,
            "area": 317200
        },
        {
            "iscrowd": 0,
            "image_id": 9,
            "bbox": [
                267.0,
                419.0,
                127.0,
                20.0
            ],
            "segmentation": [
                [
                    268.5154639175258,
                    422.680412371134,
                    394.2886597938144,
                    419.5876288659794,
                    392.74226804123714,
                    438.659793814433,
                    267.4845360824742,
                    439.17525773195877
                ]
            ],
            "category_id": 1,
            "id": 68,
            "area": 317200
        },
        {
            "iscrowd": 0,
            "image_id": 10,
            "bbox": [
                165.0,
                20.0,
                457.0,
                121.0
            ],
            "segmentation": [
                [
                    166.21276595744678,
                    20.468085106382976,
                    621.5319148936169,
                    21.53191489361702,
                    622.5957446808509,
                    139.61702127659572,
                    165.14893617021278,
                    141.74468085106383
                ]
            ],
            "category_id": 2,
            "id": 69,
            "area": 676000
        },
        {
            "iscrowd": 0,
            "image_id": 10,
            "bbox": [
                168.0,
                17.0,
                455.0,
                121.0
            ],
            "segmentation": [
                [
                    169.4042553191489,
                    18.340425531914892,
                    623.6595744680851,
                    17.27659574468085,
                    622.5957446808509,
                    138.5531914893617,
                    168.3404255319149,
                    138.5531914893617
                ]
            ],
            "category_id": 1,
            "id": 70,
            "area": 676000
        },
        {
            "iscrowd": 0,
            "image_id": 10,
            "bbox": [
                73.0,
                223.0,
                536.0,
                703.0
            ],
            "segmentation": [
                [
                    74.72340425531911,
                    223.65957446808508,
                    603.4468085106382,
                    223.65957446808508,
                    609.8297872340424,
                    921.531914893617,
                    73.65957446808511,
                    926.8510638297872
                ]
            ],
            "category_id": 3,
            "id": 71,
            "area": 676000
        },
        {
            "iscrowd": 0,
            "image_id": 10,
            "bbox": [
                121.0,
                331.0,
                337.0,
                495.0
            ],
            "segmentation": [
                [
                    121.531914893617,
                    332.17021276595744,
                    450.2553191489361,
                    331.1063829787234,
                    458.76595744680844,
                    819.4042553191489,
                    124.72340425531911,
                    826.8510638297872
                ]
            ],
            "category_id": 4,
            "id": 72,
            "area": 676000
        },
        {
            "iscrowd": 0,
            "image_id": 10,
            "bbox": [
                123.0,
                525.0,
                391.0,
                241.0
            ],
            "segmentation": [
                [
                    127.91489361702122,
                    604.5106382978723,
                    514.0851063829787,
                    525.7872340425531,
                    510.89361702127655,
                    702.3829787234042,
                    123.65957446808511,
                    766.2127659574468
                ]
            ],
            "category_id": 5,
            "id": 73,
            "area": 676000
        },
        {
            "iscrowd": 0,
            "image_id": 10,
            "bbox": [
                240.0,
                836.0,
                284.0,
                50.0
            ],
            "segmentation": [
                [
                    253.44680851063822,
                    836.4255319148936,
                    524.7234042553191,
                    838.5531914893617,
                    523.6595744680851,
                    886.4255319148936,
                    240.68085106382978,
                    881.1063829787233
                ]
            ],
            "category_id": 1,
            "id": 74,
            "area": 676000
        }
    ]
}